<?xml version="1.0" encoding="UTF-8" ?>
<General>
  <customerCode>C001</customerCode>
  <type>G</type>
  <contact>
    <personCode>231</personCode>
    <firstName>Tom</firstName>
    <lastName>Baker</lastName>
    <address>
      <street>1 Blue Jays Way</street>
      <city> Toronto</city>
      <state> ON</state>
      <zip> M5V 1J1</zip>
      <country> Canada</country>
    </address>
    <emails>
      <string>famousdoc@who.com</string>
      <string>tbaker@cse.unl.edu</string>
      <string>mostfamous@whovian.com</string>
      <string>thedoctor@bbc.com</string>
    </emails>
  </contact>
  <name>Clark Consultants</name>
  <address reference="../contact/address"/>
</General>
<Student>
  <customerCode>C002</customerCode>
  <type>S</type>
  <contact>
    <personCode>944c</personCode>
    <firstName> Starlin</firstName>
    <lastName>Castro</lastName>
    <address>
      <street>1060 West Addison Street</street>
      <city>Chicago</city>
      <state>IL</state>
      <zip>60613</zip>
      <country>USA</country>
    </address>
    <emails>
      <string>scastro@cubs.com</string>
      <string>starlin_castro13@gmail.com</string>
    </emails>
  </contact>
  <name>CAS International Fellows</name>
  <address reference="../contact/address"/>
</Student>
<Student>
  <customerCode>C003</customerCode>
  <type>S</type>
  <contact>
    <personCode>306a</personCode>
    <firstName> Brock</firstName>
    <lastName>Sampson</lastName>
    <address>
      <street>123 N 1st Street</street>
      <city>Omaha</city>
      <state>NE</state>
      <zip>68116</zip>
      <country>USA</country>
    </address>
    <emails>
      <string>brock_f_sampson@gmail.com</string>
      <string>bsampson@venture.com</string>
    </emails>
  </contact>
  <name>Valueless Club</name>
  <address reference="../contact/address"/>
</Student>
<General>
  <customerCode>C004</customerCode>
  <type>G</type>
  <contact>
    <personCode>321f</personCode>
    <firstName> Bud</firstName>
    <lastName>Fox</lastName>
    <address>
      <street>321 Bronx Street</street>
      <city>New York</city>
      <state>NY</state>
      <zip>10004</zip>
      <country>USA</country>
    </address>
    <emails>
      <string>bfox@gmail.com</string>
      <string>csheen@crazy.net</string>
    </emails>
  </contact>
  <name>Stony Brook</name>
  <address reference="../contact/address"/>
</General>
<General>
  <customerCode>C005</customerCode>
  <type>G</type>
  <contact>
    <personCode>bbchar</personCode>
    <firstName> Kaylee</firstName>
    <lastName>Ehrmantraut</lastName>
    <address>
      <street>800 West 7th Street</street>
      <city> Albuquerque</city>
      <state> NM</state>
      <zip> 87105</zip>
      <country>USA</country>
    </address>
    <emails/>
  </contact>
  <name>Hewlett Industries</name>
  <address reference="../contact/address"/>
</General>
<Student>
  <customerCode>C006</customerCode>
  <type>S</type>
  <contact>
    <personCode>321dr</personCode>
    <firstName> C.</firstName>
    <lastName>Baker</lastName>
    <address>
      <street>Avery Hall</street>
      <city>Lincoln</city>
      <state>NE</state>
      <zip>68503</zip>
      <country>USA</country>
    </address>
    <emails>
      <string>dr@baker.com</string>
    </emails>
  </contact>
  <name>Gregory Smith</name>
  <address reference="../contact/address"/>
</Student>
