{
  "customerCode": "C001",
  "type": "G",
  "contact": {
    "personCode": "231",
    "firstName": "Tom",
    "lastName": "Baker",
    "address": {
      "street": "1 Blue Jays Way",
      "city": " Toronto",
      "state": " ON",
      "zip": " M5V 1J1",
      "country": " Canada"
    },
    "emails": [
      "famousdoc@who.com",
      "tbaker@cse.unl.edu",
      "mostfamous@whovian.com",
      "thedoctor@bbc.com"
    ]
  },
  "name": "Clark Consultants",
  "address": {
    "street": "1 Blue Jays Way",
    "city": " Toronto",
    "state": " ON",
    "zip": " M5V 1J1",
    "country": " Canada"
  }
}
{
  "customerCode": "C002",
  "type": "S",
  "contact": {
    "personCode": "944c",
    "firstName": " Starlin",
    "lastName": "Castro",
    "address": {
      "street": "1060 West Addison Street",
      "city": "Chicago",
      "state": "IL",
      "zip": "60613",
      "country": "USA"
    },
    "emails": [
      "scastro@cubs.com",
      "starlin_castro13@gmail.com"
    ]
  },
  "name": "CAS International Fellows",
  "address": {
    "street": "1060 West Addison Street",
    "city": "Chicago",
    "state": "IL",
    "zip": "60613",
    "country": "USA"
  }
}
{
  "customerCode": "C003",
  "type": "S",
  "contact": {
    "personCode": "306a",
    "firstName": " Brock",
    "lastName": "Sampson",
    "address": {
      "street": "123 N 1st Street",
      "city": "Omaha",
      "state": "NE",
      "zip": "68116",
      "country": "USA"
    },
    "emails": [
      "brock_f_sampson@gmail.com",
      "bsampson@venture.com"
    ]
  },
  "name": "Valueless Club",
  "address": {
    "street": "123 N 1st Street",
    "city": "Omaha",
    "state": "NE",
    "zip": "68116",
    "country": "USA"
  }
}
{
  "customerCode": "C004",
  "type": "G",
  "contact": {
    "personCode": "321f",
    "firstName": " Bud",
    "lastName": "Fox",
    "address": {
      "street": "321 Bronx Street",
      "city": "New York",
      "state": "NY",
      "zip": "10004",
      "country": "USA"
    },
    "emails": [
      "bfox@gmail.com",
      "csheen@crazy.net"
    ]
  },
  "name": "Stony Brook",
  "address": {
    "street": "321 Bronx Street",
    "city": "New York",
    "state": "NY",
    "zip": "10004",
    "country": "USA"
  }
}
{
  "customerCode": "C005",
  "type": "G",
  "contact": {
    "personCode": "bbchar",
    "firstName": " Kaylee",
    "lastName": "Ehrmantraut",
    "address": {
      "street": "800 West 7th Street",
      "city": " Albuquerque",
      "state": " NM",
      "zip": " 87105",
      "country": "USA"
    },
    "emails": []
  },
  "name": "Hewlett Industries",
  "address": {
    "street": "800 West 7th Street",
    "city": " Albuquerque",
    "state": " NM",
    "zip": " 87105",
    "country": "USA"
  }
}
{
  "customerCode": "C006",
  "type": "S",
  "contact": {
    "personCode": "321dr",
    "firstName": " C.",
    "lastName": "Baker",
    "address": {
      "street": "Avery Hall",
      "city": "Lincoln",
      "state": "NE",
      "zip": "68503",
      "country": "USA"
    },
    "emails": [
      "dr@baker.com"
    ]
  },
  "name": "Gregory Smith",
  "address": {
    "street": "Avery Hall",
    "city": "Lincoln",
    "state": "NE",
    "zip": "68503",
    "country": "USA"
  }
}
