{
  "name": "Winter Special",
  "startDate": "2016-12-13 00:00",
  "endDate": "2017-01-07 00:00",
  "cost": 120.0,
  "productCode": "b29e",
  "type": "S",
  "amount": 0
}
{
  "name": "Labatt Beer-20oz",
  "price": 4.99,
  "productCode": "ff23",
  "type": "R",
  "amount": 0
}
{
  "movieName": "A Monster Calls",
  "time": "2016-10-21 13:10",
  "address": {
    "street": "3555 South 140th Plaza",
    "city": "Omaha",
    "state": " NE",
    "zip": " 68144",
    "country": " USA"
  },
  "screenNo": "2A",
  "pricePerUnit": 21.5,
  "productCode": "fp12",
  "type": "M",
  "amount": 0
}
{
  "parkingFee": 25.0,
  "productCode": "90fa",
  "type": "P",
  "amount": 0
}
{
  "movieName": "The Wild Life",
  "time": "2016-09-13 15:30",
  "address": {
    "street": "755 Willard Drive",
    "city": "Ashwaubenon",
    "state": " WI",
    "zip": " 54304",
    "country": " USA"
  },
  "screenNo": "12F",
  "pricePerUnit": 11.0,
  "productCode": "1239",
  "type": "M",
  "amount": 0
}
{
  "movieName": "Shut In",
  "time": "2016-11-10 10:00",
  "address": {
    "street": "6301 University Ave",
    "city": "Cedar Falls",
    "state": " IA",
    "zip": " 50613",
    "country": " USA"
  },
  "screenNo": "32D",
  "pricePerUnit": 25.0,
  "productCode": "782g",
  "type": "M",
  "amount": 0
}
{
  "parkingFee": 55.0,
  "productCode": "3289",
  "type": "P",
  "amount": 0
}
{
  "name": "Caramel Popcorn",
  "price": 5.5,
  "productCode": "32f4",
  "type": "R",
  "amount": 0
}
{
  "name": "BlackFriday Deal",
  "startDate": "2016-11-24 00:00",
  "endDate": "2016-11-29 00:00",
  "cost": 58.0,
  "productCode": "3y92",
  "type": "S",
  "amount": 0
}
{
  "parkingFee": 20.0,
  "productCode": "90fb",
  "type": "P",
  "amount": 0
}
{
  "name": "FiveWeeks-Unlimited",
  "startDate": "2016-10-07 00:00",
  "endDate": "2016-11-11 00:00",
  "cost": 185.0,
  "productCode": "xer4",
  "type": "S",
  "amount": 0
}
{
  "name": "Double Cheeseburger",
  "price": 9.0,
  "productCode": "yp23",
  "type": "R",
  "amount": 0
}
