<?xml version="1.0" encoding="UTF-8" ?>
<SeasonPass>
  <productCode>b29e</productCode>
  <type>S</type>
  <amount>0</amount>
  <name>Winter Special</name>
  <startDate>
    <iMillis>1481608800000</iMillis>
    <iChronology class="org.joda.time.chrono.ISOChronology" resolves-to="org.joda.time.chrono.ISOChronology$Stub" serialization="custom">
      <org.joda.time.chrono.ISOChronology_-Stub>
        <org.joda.time.tz.CachedDateTimeZone resolves-to="org.joda.time.DateTimeZone$Stub" serialization="custom">
          <org.joda.time.DateTimeZone_-Stub>
            <string>America/Chicago</string>
          </org.joda.time.DateTimeZone_-Stub>
        </org.joda.time.tz.CachedDateTimeZone>
      </org.joda.time.chrono.ISOChronology_-Stub>
    </iChronology>
  </startDate>
  <endDate>
    <iMillis>1483768800000</iMillis>
    <iChronology class="org.joda.time.chrono.ISOChronology" reference="../../startDate/iChronology"/>
  </endDate>
  <cost>120.0</cost>
</SeasonPass>
<Refreshment>
  <productCode>ff23</productCode>
  <type>R</type>
  <amount>0</amount>
  <name>Labatt Beer-20oz</name>
  <price>4.99</price>
</Refreshment>
<MovieTicket>
  <productCode>fp12</productCode>
  <type>M</type>
  <amount>0</amount>
  <movieName>A Monster Calls</movieName>
  <time>
    <iMillis>1477073400000</iMillis>
    <iChronology class="org.joda.time.chrono.ISOChronology" resolves-to="org.joda.time.chrono.ISOChronology$Stub" serialization="custom">
      <org.joda.time.chrono.ISOChronology_-Stub>
        <org.joda.time.tz.CachedDateTimeZone resolves-to="org.joda.time.DateTimeZone$Stub" serialization="custom">
          <org.joda.time.DateTimeZone_-Stub>
            <string>America/Chicago</string>
          </org.joda.time.DateTimeZone_-Stub>
        </org.joda.time.tz.CachedDateTimeZone>
      </org.joda.time.chrono.ISOChronology_-Stub>
    </iChronology>
  </time>
  <address>
    <street>3555 South 140th Plaza</street>
    <city>Omaha</city>
    <state> NE</state>
    <zip> 68144</zip>
    <country> USA</country>
  </address>
  <screenNo>2A</screenNo>
  <pricePerUnit>21.5</pricePerUnit>
</MovieTicket>
<ParkingPass>
  <productCode>90fa</productCode>
  <type>P</type>
  <amount>0</amount>
  <parkingFee>25.0</parkingFee>
</ParkingPass>
<MovieTicket>
  <productCode>1239</productCode>
  <type>M</type>
  <amount>0</amount>
  <movieName>The Wild Life</movieName>
  <time>
    <iMillis>1473798600000</iMillis>
    <iChronology class="org.joda.time.chrono.ISOChronology" resolves-to="org.joda.time.chrono.ISOChronology$Stub" serialization="custom">
      <org.joda.time.chrono.ISOChronology_-Stub>
        <org.joda.time.tz.CachedDateTimeZone resolves-to="org.joda.time.DateTimeZone$Stub" serialization="custom">
          <org.joda.time.DateTimeZone_-Stub>
            <string>America/Chicago</string>
          </org.joda.time.DateTimeZone_-Stub>
        </org.joda.time.tz.CachedDateTimeZone>
      </org.joda.time.chrono.ISOChronology_-Stub>
    </iChronology>
  </time>
  <address>
    <street>755 Willard Drive</street>
    <city>Ashwaubenon</city>
    <state> WI</state>
    <zip> 54304</zip>
    <country> USA</country>
  </address>
  <screenNo>12F</screenNo>
  <pricePerUnit>11.0</pricePerUnit>
</MovieTicket>
<MovieTicket>
  <productCode>782g</productCode>
  <type>M</type>
  <amount>0</amount>
  <movieName>Shut In</movieName>
  <time>
    <iMillis>1478793600000</iMillis>
    <iChronology class="org.joda.time.chrono.ISOChronology" resolves-to="org.joda.time.chrono.ISOChronology$Stub" serialization="custom">
      <org.joda.time.chrono.ISOChronology_-Stub>
        <org.joda.time.tz.CachedDateTimeZone resolves-to="org.joda.time.DateTimeZone$Stub" serialization="custom">
          <org.joda.time.DateTimeZone_-Stub>
            <string>America/Chicago</string>
          </org.joda.time.DateTimeZone_-Stub>
        </org.joda.time.tz.CachedDateTimeZone>
      </org.joda.time.chrono.ISOChronology_-Stub>
    </iChronology>
  </time>
  <address>
    <street>6301 University Ave</street>
    <city>Cedar Falls</city>
    <state> IA</state>
    <zip> 50613</zip>
    <country> USA</country>
  </address>
  <screenNo>32D</screenNo>
  <pricePerUnit>25.0</pricePerUnit>
</MovieTicket>
<ParkingPass>
  <productCode>3289</productCode>
  <type>P</type>
  <amount>0</amount>
  <parkingFee>55.0</parkingFee>
</ParkingPass>
<Refreshment>
  <productCode>32f4</productCode>
  <type>R</type>
  <amount>0</amount>
  <name>Caramel Popcorn</name>
  <price>5.5</price>
</Refreshment>
<SeasonPass>
  <productCode>3y92</productCode>
  <type>S</type>
  <amount>0</amount>
  <name>BlackFriday Deal</name>
  <startDate>
    <iMillis>1479967200000</iMillis>
    <iChronology class="org.joda.time.chrono.ISOChronology" resolves-to="org.joda.time.chrono.ISOChronology$Stub" serialization="custom">
      <org.joda.time.chrono.ISOChronology_-Stub>
        <org.joda.time.tz.CachedDateTimeZone resolves-to="org.joda.time.DateTimeZone$Stub" serialization="custom">
          <org.joda.time.DateTimeZone_-Stub>
            <string>America/Chicago</string>
          </org.joda.time.DateTimeZone_-Stub>
        </org.joda.time.tz.CachedDateTimeZone>
      </org.joda.time.chrono.ISOChronology_-Stub>
    </iChronology>
  </startDate>
  <endDate>
    <iMillis>1480399200000</iMillis>
    <iChronology class="org.joda.time.chrono.ISOChronology" reference="../../startDate/iChronology"/>
  </endDate>
  <cost>58.0</cost>
</SeasonPass>
<ParkingPass>
  <productCode>90fb</productCode>
  <type>P</type>
  <amount>0</amount>
  <parkingFee>20.0</parkingFee>
</ParkingPass>
<SeasonPass>
  <productCode>xer4</productCode>
  <type>S</type>
  <amount>0</amount>
  <name>FiveWeeks-Unlimited</name>
  <startDate>
    <iMillis>1475816400000</iMillis>
    <iChronology class="org.joda.time.chrono.ISOChronology" resolves-to="org.joda.time.chrono.ISOChronology$Stub" serialization="custom">
      <org.joda.time.chrono.ISOChronology_-Stub>
        <org.joda.time.tz.CachedDateTimeZone resolves-to="org.joda.time.DateTimeZone$Stub" serialization="custom">
          <org.joda.time.DateTimeZone_-Stub>
            <string>America/Chicago</string>
          </org.joda.time.DateTimeZone_-Stub>
        </org.joda.time.tz.CachedDateTimeZone>
      </org.joda.time.chrono.ISOChronology_-Stub>
    </iChronology>
  </startDate>
  <endDate>
    <iMillis>1478844000000</iMillis>
    <iChronology class="org.joda.time.chrono.ISOChronology" reference="../../startDate/iChronology"/>
  </endDate>
  <cost>185.0</cost>
</SeasonPass>
<Refreshment>
  <productCode>yp23</productCode>
  <type>R</type>
  <amount>0</amount>
  <name>Double Cheeseburger</name>
  <price>9.0</price>
</Refreshment>
