{
  "personCode": "965",
  "firstName": "Terrell",
  "lastName": "Connie",
  "address": {
    "street": "4729 Tenmile Road",
    "city": "Boston",
    "state": "MA",
    "zip": "02210",
    "country": "USA"
  },
  "emails": [
    "connietterrell@rhyta.com"
  ]
}
{
  "personCode": "306",
  "firstName": "Salazar",
  "lastName": "Kenneth",
  "address": {
    "street": "10 Adams Drive",
    "city": "Sugar",
    "state": "TX",
    "zip": "77478",
    "country": "USA"
  },
  "emails": [
    "salazar_k@gmail.com",
    "salyz@dayrep.com"
  ]
}
{
  "personCode": "576",
  "firstName": "Monahan",
  "lastName": "Jennifer",
  "address": {
    "street": "1607 Poco Drive",
    "city": "Dallas",
    "state": "TX",
    "zip": "75204",
    "country": "USA"
  },
  "emails": [
    "jenniferj@gmail.com"
  ]
}
{
  "personCode": "433",
  "firstName": "Eichel",
  "lastName": "Max",
  "address": {
    "street": "4757 Thrash Trail",
    "city": "Longview",
    "state": "TX",
    "zip": "75601",
    "country": "USA"
  },
  "emails": []
}
{
  "personCode": "aeef",
  "firstName": "Schroeder",
  "lastName": "Lucas",
  "address": {
    "street": "290 Reppert Coal Road",
    "city": "Jackson",
    "state": "MS",
    "zip": "39206",
    "country": "USA"
  },
  "emails": [
    "lucasschroeder@teleworm.us"
  ]
}
{
  "personCode": "ma12",
  "firstName": "Rothstein",
  "lastName": "Ursula",
  "address": {
    "street": "3067 Twin Oaks Drive",
    "city": "Jordan",
    "state": "MI",
    "zip": "49727",
    "country": "USA"
  },
  "emails": [
    "uruslarothstein@rhyta.com"
  ]
}
{
  "personCode": "321nd",
  "firstName": "Bayer",
  "lastName": "Patrick",
  "address": {
    "street": "3067 Twin Oaks Drive",
    "city": "Jordan",
    "state": "MI",
    "zip": "49727",
    "country": "USA"
  },
  "emails": [
    "patricbae@gmail.com",
    "patb@unl.edu",
    "pbbae@rhyta.com"
  ]
}
{
  "personCode": "nf32a",
  "firstName": "Troughton",
  "lastName": "Patrick",
  "address": {
    "street": "3067 Twin Oaks Drive",
    "city": "Jordan",
    "state": "MI",
    "zip": "49727",
    "country": "USA"
  },
  "emails": [
    "patrictroughton@dayrep.com",
    "ptrought@unl.edu"
  ]
}
{
  "personCode": "321na",
  "firstName": "Hertzog",
  "lastName": "Michael",
  "address": {
    "street": "4906 Aaron Smith Drive",
    "city": " Newville",
    "state": " PA",
    "zip": "17241",
    "country": "USA"
  },
  "emails": [
    "flobae@jourrapide.com"
  ]
}
{
  "personCode": "342dr",
  "firstName": "Diederich",
  "lastName": "Simone",
  "address": {
    "street": "1922 Cabell Avenue",
    "city": " Alexandria",
    "state": " VA",
    "zip": " 22301",
    "country": "USA"
  },
  "emails": [
    "die@homestuck.com",
    "dierich@unl.edu"
  ]
}
{
  "personCode": "6help",
  "firstName": "Moretti",
  "lastName": "Giulia",
  "address": {
    "street": "4150 Commerce Boulevard",
    "city": "Plainview",
    "state": " NE",
    "zip": "68501",
    "country": "USA"
  },
  "emails": [
    "giuliamoretti@telewocm.us",
    "moretea@gmail.com"
  ]
}
{
  "personCode": "321dr",
  "firstName": "Udinesi",
  "lastName": "Geraldino",
  "address": {
    "street": "4832 Andell Road",
    "city": "Nashville",
    "state": "TN",
    "zip": "37201",
    "country": "USA"
  },
  "emails": [
    "drgerald@helpme.com"
  ]
}
{
  "personCode": "1svndr",
  "firstName": "Gaertner",
  "lastName": "Brigitte",
  "address": {
    "street": "3515 Sherwood Circle",
    "city": " Lafayette",
    "state": " LA",
    "zip": "70506",
    "country": "USA"
  },
  "emails": [
    "pleasehelpme@yahoo.com",
    "brigittega@gmail.com"
  ]
}
{
  "personCode": "12cmp",
  "firstName": "Cole",
  "lastName": "Uwe",
  "address": {
    "street": "4385 Stanley Avenue",
    "city": " Levittown",
    "state": " NY",
    "zip": "11756",
    "country": "USA"
  },
  "emails": [
    "ew@gmail.com",
    "uwecole@unl.edu",
    "coleuwe@yahoo.com",
    "ewuweew@bbc.gov"
  ]
}
{
  "personCode": "vantas",
  "firstName": "Schneider",
  "lastName": "Ana",
  "address": {
    "street": "3880 Moonlight Drive",
    "city": " Pleasantville",
    "state": " NJ",
    "zip": "08232",
    "country": "USA"
  },
  "emails": [
    "anjaschneider@dayrep.com"
  ]
}
{
  "personCode": "8000",
  "firstName": "Eichelberger",
  "lastName": "Markus",
  "address": {
    "street": "814 Plainfield Avenue",
    "city": " Fayette",
    "state": " NY",
    "zip": " 13065",
    "country": "USA"
  },
  "emails": [
    "markueichelberger@rhyta.com",
    "areyoureadingthis@gmail.com"
  ]
}
{
  "personCode": "572bn",
  "firstName": "Smith",
  "lastName": "Matt",
  "address": {
    "street": "333 W 35th St",
    "city": " Chicago",
    "state": " IL",
    "zip": "60616",
    "country": "USA"
  },
  "emails": [
    "msmith@who.com",
    "thedoc@cse.unl.edu"
  ]
}
{
  "personCode": "bbchar",
  "firstName": "Ebersbach",
  "lastName": "Leah",
  "address": {
    "street": "4327 Elsie Drive",
    "city": " Viborg",
    "state": " SD",
    "zip": " 57070",
    "country": "USA"
  },
  "emails": []
}
{
  "personCode": "har84",
  "firstName": "Davison",
  "lastName": "Peter",
  "address": {
    "street": "4832 Andell Road",
    "city": "Nashville",
    "state": "TN",
    "zip": "37201",
    "country": "USA"
  },
  "emails": []
}
