<?xml version="1.0" encoding="UTF-8" ?>
<Refreshment>
  <productCode>ff23</productCode>
  <type>R</type>
  <name>Cotton Candy</name>
  <price>2.99</price>
</Refreshment>
<ParkingPass>
  <productCode>90fa</productCode>
  <type>P</type>
  <parkingFee>30.0</parkingFee>
</ParkingPass>
<SeasonPass>
  <productCode>b29e</productCode>
  <type>S</type>
  <name>Spring Break</name>
  <startDate>
    <iMillis>1490590800000</iMillis>
    <iChronology class="org.joda.time.chrono.ISOChronology" resolves-to="org.joda.time.chrono.ISOChronology$Stub" serialization="custom">
      <org.joda.time.chrono.ISOChronology_-Stub>
        <org.joda.time.tz.CachedDateTimeZone resolves-to="org.joda.time.DateTimeZone$Stub" serialization="custom">
          <org.joda.time.DateTimeZone_-Stub>
            <string>America/Chicago</string>
          </org.joda.time.DateTimeZone_-Stub>
        </org.joda.time.tz.CachedDateTimeZone>
      </org.joda.time.chrono.ISOChronology_-Stub>
    </iChronology>
  </startDate>
  <endDate>
    <iMillis>1498539600000</iMillis>
    <iChronology class="org.joda.time.chrono.ISOChronology" reference="../../startDate/iChronology"/>
  </endDate>
  <cost>75.0</cost>
</SeasonPass>
<MovieTicket>
  <productCode>fp12</productCode>
  <type>M</type>
  <movieName>IT</movieName>
  <time>
    <iMillis>1505512800000</iMillis>
    <iChronology class="org.joda.time.chrono.ISOChronology" resolves-to="org.joda.time.chrono.ISOChronology$Stub" serialization="custom">
      <org.joda.time.chrono.ISOChronology_-Stub>
        <org.joda.time.tz.CachedDateTimeZone resolves-to="org.joda.time.DateTimeZone$Stub" serialization="custom">
          <org.joda.time.DateTimeZone_-Stub>
            <string>America/Chicago</string>
          </org.joda.time.DateTimeZone_-Stub>
        </org.joda.time.tz.CachedDateTimeZone>
      </org.joda.time.chrono.ISOChronology_-Stub>
    </iChronology>
  </time>
  <address>
    <street>1101 P St.</street>
    <city>Lincoln</city>
    <state> NE</state>
    <zip> 6820</zip>
    <country> USA</country>
  </address>
  <screenNo>3B</screenNo>
  <pricePerUnit>10.5</pricePerUnit>
</MovieTicket>
<ParkingPass>
  <productCode>3289</productCode>
  <type>P</type>
  <parkingFee>60.0</parkingFee>
</ParkingPass>
<Refreshment>
  <productCode>32f4</productCode>
  <type>R</type>
  <name>Salted Pretzel</name>
  <price>5.5</price>
</Refreshment>
<MovieTicket>
  <productCode>1239</productCode>
  <type>M</type>
  <movieName>Jeepers Creepers</movieName>
  <time>
    <iMillis>1505316600000</iMillis>
    <iChronology class="org.joda.time.chrono.ISOChronology" resolves-to="org.joda.time.chrono.ISOChronology$Stub" serialization="custom">
      <org.joda.time.chrono.ISOChronology_-Stub>
        <org.joda.time.tz.CachedDateTimeZone resolves-to="org.joda.time.DateTimeZone$Stub" serialization="custom">
          <org.joda.time.DateTimeZone_-Stub>
            <string>America/Chicago</string>
          </org.joda.time.DateTimeZone_-Stub>
        </org.joda.time.tz.CachedDateTimeZone>
      </org.joda.time.chrono.ISOChronology_-Stub>
    </iChronology>
  </time>
  <address>
    <street>5220 S 56th St</street>
    <city>Lincoln</city>
    <state> NE</state>
    <zip> 68508</zip>
    <country> USA</country>
  </address>
  <screenNo>13F</screenNo>
  <pricePerUnit>17.0</pricePerUnit>
</MovieTicket>
<MovieTicket>
  <productCode>782g</productCode>
  <type>M</type>
  <movieName>Kingsman</movieName>
  <time>
    <iMillis>1481425200000</iMillis>
    <iChronology class="org.joda.time.chrono.ISOChronology" resolves-to="org.joda.time.chrono.ISOChronology$Stub" serialization="custom">
      <org.joda.time.chrono.ISOChronology_-Stub>
        <org.joda.time.tz.CachedDateTimeZone resolves-to="org.joda.time.DateTimeZone$Stub" serialization="custom">
          <org.joda.time.DateTimeZone_-Stub>
            <string>America/Chicago</string>
          </org.joda.time.DateTimeZone_-Stub>
        </org.joda.time.tz.CachedDateTimeZone>
      </org.joda.time.chrono.ISOChronology_-Stub>
    </iChronology>
  </time>
  <address>
    <street>SouthPointe Pavillions</street>
    <city>Lincoln</city>
    <state> NE</state>
    <zip> 68512</zip>
    <country> USA</country>
  </address>
  <screenNo>32C</screenNo>
  <pricePerUnit>15.0</pricePerUnit>
</MovieTicket>
<SeasonPass>
  <productCode>3y92</productCode>
  <type>S</type>
  <name>Summer Sale</name>
  <startDate>
    <iMillis>1466744400000</iMillis>
    <iChronology class="org.joda.time.chrono.ISOChronology" resolves-to="org.joda.time.chrono.ISOChronology$Stub" serialization="custom">
      <org.joda.time.chrono.ISOChronology_-Stub>
        <org.joda.time.tz.CachedDateTimeZone resolves-to="org.joda.time.DateTimeZone$Stub" serialization="custom">
          <org.joda.time.DateTimeZone_-Stub>
            <string>America/Chicago</string>
          </org.joda.time.DateTimeZone_-Stub>
        </org.joda.time.tz.CachedDateTimeZone>
      </org.joda.time.chrono.ISOChronology_-Stub>
    </iChronology>
  </startDate>
  <endDate>
    <iMillis>1475125200000</iMillis>
    <iChronology class="org.joda.time.chrono.ISOChronology" reference="../../startDate/iChronology"/>
  </endDate>
  <cost>60.0</cost>
</SeasonPass>
<SeasonPass>
  <productCode>xer4</productCode>
  <type>S</type>
  <name>FiveWeeks-Unlimited</name>
  <startDate>
    <iMillis>1475816400000</iMillis>
    <iChronology class="org.joda.time.chrono.ISOChronology" resolves-to="org.joda.time.chrono.ISOChronology$Stub" serialization="custom">
      <org.joda.time.chrono.ISOChronology_-Stub>
        <org.joda.time.tz.CachedDateTimeZone resolves-to="org.joda.time.DateTimeZone$Stub" serialization="custom">
          <org.joda.time.DateTimeZone_-Stub>
            <string>America/Chicago</string>
          </org.joda.time.DateTimeZone_-Stub>
        </org.joda.time.tz.CachedDateTimeZone>
      </org.joda.time.chrono.ISOChronology_-Stub>
    </iChronology>
  </startDate>
  <endDate>
    <iMillis>1478844000000</iMillis>
    <iChronology class="org.joda.time.chrono.ISOChronology" reference="../../startDate/iChronology"/>
  </endDate>
  <cost>185.0</cost>
</SeasonPass>
<Refreshment>
  <productCode>yp23</productCode>
  <type>R</type>
  <name>Bacon Cheeseburger</name>
  <price>5.0</price>
</Refreshment>
<ParkingPass>
  <productCode>90fb</productCode>
  <type>P</type>
  <parkingFee>30.0</parkingFee>
</ParkingPass>
<ParkingPass>
  <productCode>90fb</productCode>
  <type>P</type>
  <parkingFee>100.0</parkingFee>
</ParkingPass>
