{
  "name": "Cotton Candy",
  "price": 2.99,
  "productCode": "ff23",
  "type": "R"
}
{
  "parkingFee": 30.0,
  "productCode": "90fa",
  "type": "P"
}
{
  "name": "Spring Break",
  "startDate": "2017-03-27 00:00",
  "endDate": "2017-06-27 00:00",
  "cost": 75.0,
  "productCode": "b29e",
  "type": "S"
}
{
  "movieName": "IT",
  "time": "2017-09-15 17:00",
  "address": {
    "street": "1101 P St.",
    "city": "Lincoln",
    "state": " NE",
    "zip": " 6820",
    "country": " USA"
  },
  "screenNo": "3B",
  "pricePerUnit": 10.5,
  "productCode": "fp12",
  "type": "M"
}
{
  "parkingFee": 60.0,
  "productCode": "3289",
  "type": "P"
}
{
  "name": "Salted Pretzel",
  "price": 5.5,
  "productCode": "32f4",
  "type": "R"
}
{
  "movieName": "Jeepers Creepers",
  "time": "2017-09-13 10:30",
  "address": {
    "street": "5220 S 56th St",
    "city": "Lincoln",
    "state": " NE",
    "zip": " 68508",
    "country": " USA"
  },
  "screenNo": "13F",
  "pricePerUnit": 17.0,
  "productCode": "1239",
  "type": "M"
}
{
  "movieName": "Kingsman",
  "time": "2016-12-10 21:00",
  "address": {
    "street": "SouthPointe Pavillions",
    "city": "Lincoln",
    "state": " NE",
    "zip": " 68512",
    "country": " USA"
  },
  "screenNo": "32C",
  "pricePerUnit": 15.0,
  "productCode": "782g",
  "type": "M"
}
{
  "name": "Summer Sale",
  "startDate": "2016-06-24 00:00",
  "endDate": "2016-09-29 00:00",
  "cost": 60.0,
  "productCode": "3y92",
  "type": "S"
}
{
  "name": "FiveWeeks-Unlimited",
  "startDate": "2016-10-07 00:00",
  "endDate": "2016-11-11 00:00",
  "cost": 185.0,
  "productCode": "xer4",
  "type": "S"
}
{
  "name": "Bacon Cheeseburger",
  "price": 5.0,
  "productCode": "yp23",
  "type": "R"
}
{
  "parkingFee": 30.0,
  "productCode": "90fb",
  "type": "P"
}
{
  "parkingFee": 100.0,
  "productCode": "90fb",
  "type": "P"
}
